{"ring_gear_x": -0.01664156320701951, "ring_gear_y": -0.6100588299593328}